{"cameraMode":{"drawMode":2,"name":"Shaded Wireframe","section":"Shading Mode"},"sceneLighting":false,"audioPlay":false,"sceneViewState":{"showFog":true,"showMaterialUpdate":false,"showSkybox":false,"showFlares":true,"showImageEffects":true,"showParticleSystems":true},"in2DMode":false,"pivot":{"x":7.2093963623046879,"y":3.9796924591064455,"z":2.0374209880828859},"rotation":{"x":-0.07042903453111649,"y":-0.3956039547920227,"z":0.030492601916193963,"w":-0.9153202176094055},"size":1.7233688831329346,"orthographic":false}