{"cameraMode":{"drawMode":2,"name":"Shaded Wireframe","section":"Shading Mode"},"sceneLighting":true,"audioPlay":false,"sceneViewState":{"showFog":true,"showMaterialUpdate":false,"showSkybox":true,"showFlares":true,"showImageEffects":true,"showParticleSystems":true},"in2DMode":false,"pivot":{"x":9.45665168762207,"y":4.117742538452148,"z":2.1503875255584719},"rotation":{"x":-0.15060557425022126,"y":0.7165403962135315,"z":-0.16305942833423615,"w":-0.66141676902771},"size":1.1927247047424317,"orthographic":false}