{"cameraMode":{"drawMode":2,"name":"Shaded Wireframe","section":"Shading Mode"},"sceneLighting":true,"audioPlay":false,"sceneViewState":{"showFog":true,"showMaterialUpdate":false,"showSkybox":true,"showFlares":true,"showImageEffects":true,"showParticleSystems":true},"in2DMode":false,"pivot":{"x":9.807406425476075,"y":0.7811721563339233,"z":9.75047492980957},"rotation":{"x":-0.00038593373028561473,"y":-0.9967857599258423,"z":0.08123185485601425,"w":-0.0048234425485134129},"size":1.2702882289886475,"orthographic":false}