{"cameraMode":{"drawMode":2,"name":"Shaded Wireframe","section":"Shading Mode"},"sceneLighting":true,"audioPlay":false,"sceneViewState":{"showFog":true,"showMaterialUpdate":false,"showSkybox":true,"showFlares":true,"showImageEffects":true,"showParticleSystems":true},"in2DMode":false,"pivot":{"x":11.656317710876465,"y":2.671778678894043,"z":5.538286209106445},"rotation":{"x":0.2649359405040741,"y":0.5501077175140381,"z":-0.18953850865364076,"w":0.7689376473426819},"size":1.7415274381637574,"orthographic":false}