{"cameraMode":{"drawMode":2,"name":"Shaded Wireframe","section":"Shading Mode"},"sceneLighting":true,"audioPlay":false,"sceneViewState":{"showFog":true,"showMaterialUpdate":false,"showSkybox":true,"showFlares":true,"showImageEffects":true,"showParticleSystems":true},"in2DMode":false,"pivot":{"x":-0.022011984139680864,"y":-4.5219573974609379,"z":18.711233139038087},"rotation":{"x":-0.23306839168071748,"y":0.373016357421875,"z":-0.09729400277137757,"w":-0.8928381204605103},"size":9.48589038848877,"orthographic":false}