{"cameraMode":{"drawMode":2,"name":"Shaded Wireframe","section":"Shading Mode"},"sceneLighting":true,"audioPlay":false,"sceneViewState":{"showFog":true,"showMaterialUpdate":false,"showSkybox":true,"showFlares":true,"showImageEffects":true,"showParticleSystems":true},"in2DMode":false,"pivot":{"x":8.222129821777344,"y":1.8678261041641236,"z":1.4225536584854127},"rotation":{"x":-0.00015536736464127898,"y":0.9989995360374451,"z":-0.0033099926076829435,"w":-0.04642071947455406},"size":2.943150520324707,"orthographic":false}