{"cameraMode":{"drawMode":2,"name":"Shaded Wireframe","section":"Shading Mode"},"sceneLighting":false,"audioPlay":false,"sceneViewState":{"showFog":true,"showMaterialUpdate":false,"showSkybox":false,"showFlares":true,"showImageEffects":true,"showParticleSystems":true},"in2DMode":false,"pivot":{"x":-0.6493097543716431,"y":-0.33327576518058779,"z":-0.19756647944450379},"rotation":{"x":0.0993671715259552,"y":-0.15846997499465943,"z":0.016014784574508668,"w":0.9822838306427002},"size":0.3336961269378662,"orthographic":false}